Jahr;Monat,brandenburg/berlin,brandenburg,baden-wuerttemberg,bayern,hessen,mecklenburg-vorpommern,niedersachsen,niedersachsen/hamburg/bremen,nordrhein-westfalen,rheinland-pfalz,schleswig-holstein,saarland,sachsen,sachsen-anhalt,thueringen/sachsen-anhalt,thueringen,deutschland
188212,0.50,0.49,0.95,-0.41,1.04,-0.34,0.93,0.92,2.01,1.83,0.08,1.93,0.32,0.46,0.31,0.12,0.58
188312,1.40,1.39,-0.03,-1.01,1.06,1.68,2.09,2.09,2.04,1.28,2.16,1.27,0.14,1.32,0.88,0.32,0.84
188412,2.50,2.49,1.02,0.16,1.92,2.33,2.46,2.47,2.68,2.14,2.24,2.12,1.49,2.21,1.77,1.22,1.69
188512,0.37,0.36,-0.94,-1.90,-0.66,0.79,0.92,0.92,0.72,-0.45,1.32,-0.35,-0.81,0.22,-0.24,-0.82,-0.27
188612,1.27,1.27,0.66,-0.22,0.95,1.03,1.26,1.26,1.47,1.14,0.98,1.10,0.45,1.20,0.86,0.44,0.79
188712,0.18,0.17,-1.72,-2.89,-1.11,0.38,0.51,0.51,0.36,-0.62,0.68,-0.52,-1.12,0.01,-0.67,-1.53,-0.80
188812,1.33,1.32,-0.52,-1.14,-0.11,1.79,1.99,2.00,1.98,-0.08,2.36,0.15,0.61,1.12,0.56,-0.14,0.59
188912,-0.67,-0.68,-2.39,-3.16,-2.01,-0.55,-0.30,-0.29,-0.72,-2.04,0.06,-2.01,-1.85,-0.80,-1.41,-2.18,-1.55
189012,-5.23,-5.24,-5.51,-5.87,-5.27,-4.78,-5.00,-4.98,-5.22,-5.02,-3.53,-4.68,-5.22,-5.57,-5.85,-6.20,-5.30
189112,2.44,2.43,1.05,-0.17,1.61,2.29,2.71,2.71,3.00,1.93,2.64,2.36,1.54,2.63,1.88,0.93,1.69
189212,-1.20,-1.21,-2.56,-3.79,-2.21,-1.09,-0.35,-0.35,-0.67,-2.21,-0.70,-2.10,-2.09,-0.98,-1.65,-2.50,-1.87
189312,1.06,1.05,-0.75,-1.97,-0.12,1.43,2.04,2.05,1.91,0.05,2.42,0.19,0.10,0.88,0.15,-0.77,0.30
189412,0.68,0.68,-0.61,-1.44,0.40,1.14,2.12,2.13,2.36,0.62,2.33,0.73,0.24,0.95,0.43,-0.23,0.52
189512,-0.43,-0.43,0.66,-1.10,-0.15,-0.42,0.53,0.53,0.89,0.52,0.57,0.81,-0.64,-0.05,-0.48,-1.02,-0.09
189612,-0.63,-0.64,-0.27,-1.79,-0.36,-0.75,0.59,0.59,1.05,-0.01,-0.02,0.34,-0.94,-0.37,-0.92,-1.61,-0.47
189712,1.74,1.73,0.48,-0.88,1.05,2.03,2.75,2.76,2.45,1.05,2.88,1.51,1.28,2.17,1.61,0.90,1.25
189812,3.94,3.93,1.78,0.36,2.99,4.13,4.78,4.78,4.48,3.02,4.85,3.02,2.99,4.15,3.50,2.68,3.02
189912,-3.45,-3.45,-2.96,-5.35,-2.82,-3.05,-2.22,-2.21,-1.69,-2.21,-1.93,-1.95,-3.57,-3.22,-3.64,-4.17,-3.26
190012,2.95,2.94,2.50,1.09,2.76,3.45,4.02,4.03,4.09,3.17,4.13,3.50,2.35,3.18,2.75,2.20,2.83
190112,1.07,1.06,0.93,0.09,0.91,0.62,1.59,1.59,1.87,1.50,1.11,1.70,0.82,1.05,0.63,0.10,0.94
190212,-2.53,-2.54,-1.56,-2.76,-2.01,-1.74,-1.02,-1.01,-0.44,-0.75,-0.05,-0.32,-3.03,-2.41,-2.85,-3.41,-1.82
190312,-0.67,-0.68,-1.25,-2.19,-0.69,-0.33,0.17,0.17,0.25,-0.38,0.32,-0.30,-1.01,-0.63,-1.06,-1.59,-0.80
190412,2.92,2.91,1.58,0.62,2.21,2.94,3.58,3.59,3.53,2.42,3.55,2.46,2.32,3.12,2.65,2.06,2.37
190512,1.60,1.60,0.47,-0.29,0.82,1.48,1.87,1.88,1.79,1.01,1.82,1.23,1.05,1.68,1.19,0.56,1.02
190612,-2.35,-2.36,-2.51,-3.19,-1.96,-2.00,-1.50,-1.49,-1.16,-1.49,-0.99,-1.31,-2.70,-2.03,-2.47,-3.03,-2.17
190712,1.08,1.07,2.09,0.59,1.51,1.13,2.26,2.26,2.72,2.20,1.97,2.69,0.68,1.37,0.95,0.42,1.51
190812,-1.48,-1.49,-0.34,-1.57,-0.23,-1.31,0.53,0.53,0.89,0.10,0.64,0.41,-1.52,-0.58,-0.78,-1.04,-0.54
190912,2.06,2.05,2.08,0.73,1.95,1.82,2.45,2.45,2.72,2.29,2.14,2.69,1.54,2.26,1.83,1.29,1.86
191012,2.47,2.47,2.31,1.45,2.50,2.46,3.58,3.59,4.36,2.99,3.29,3.42,2.36,2.57,2.19,1.72,2.62
191112,2.43,2.42,2.98,1.77,3.21,2.43,3.92,3.92,4.64,3.80,3.32,4.54,2.33,3.02,2.72,2.34,2.97
191212,3.99,3.98,1.84,0.88,2.43,4.15,4.76,4.77,4.64,2.59,4.72,2.84,3.26,4.18,3.47,2.57,3.10
191312,2.89,2.89,0.91,0.59,1.67,3.16,3.14,3.16,2.70,1.59,3.62,1.50,1.84,2.75,2.12,1.33,2.02
191412,3.79,3.78,3.11,1.85,3.89,3.74,4.42,4.42,4.78,4.26,4.03,4.55,3.16,4.10,3.67,3.13,3.52
191512,2.54,2.54,4.64,3.21,4.06,1.28,3.56,3.55,4.83,4.82,1.89,5.34,3.29,3.33,3.28,3.23,3.48
191612,2.54,2.53,1.44,1.01,1.70,2.08,2.16,2.16,2.29,1.97,2.06,2.16,2.16,2.19,1.75,1.19,1.82
191712,-1.19,-1.20,-3.65,-3.99,-2.22,-0.76,-0.77,-0.75,-0.97,-1.74,-0.01,-1.50,-2.38,-1.34,-2.03,-2.88,-2.07
191812,3.52,3.52,3.89,2.96,4.11,2.95,4.73,4.73,5.21,4.74,3.83,4.78,3.06,4.11,3.76,3.31,3.86
191912,0.17,0.16,1.15,-0.03,1.09,-0.02,1.25,1.24,2.31,2.16,0.36,2.47,-0.09,0.77,0.42,-0.03,0.77
192012,-0.15,-0.16,0.68,0.10,0.66,-0.13,1.09,1.09,1.68,1.24,1.03,1.82,0.20,0.31,0.10,-0.15,0.56
192112,0.34,0.33,0.00,-0.74,0.22,0.82,1.89,1.90,1.97,0.85,2.04,0.91,-0.52,0.79,0.26,-0.41,0.54
192212,2.47,2.46,1.29,0.31,2.15,2.72,3.75,3.75,3.58,2.55,3.66,2.58,1.81,2.83,2.36,1.76,2.21
192312,-2.37,-2.38,-0.97,-2.13,-1.25,-2.32,-1.65,-1.65,-0.55,-0.15,-1.81,0.13,-2.45,-2.09,-2.11,-2.14,-1.65
192412,1.53,1.52,0.48,-0.91,1.39,2.16,3.31,3.31,3.20,1.42,3.23,1.40,1.21,2.32,1.88,1.32,1.46
192512,-0.26,-0.27,-0.19,-1.65,-0.49,-0.72,-0.03,-0.03,0.93,0.33,-0.64,0.43,-0.30,-0.03,-0.40,-0.87,-0.42
192612,1.47,1.46,-0.82,-1.17,0.03,2.21,2.12,2.13,1.43,0.23,2.70,0.10,-0.24,1.23,0.45,-0.53,0.55
192712,-3.44,-3.45,-1.66,-2.92,-2.42,-3.04,-2.42,-2.42,-1.43,-1.72,-2.34,-1.52,-3.59,-3.06,-3.28,-3.56,-2.58
192812,-0.64,-0.65,-0.37,-1.65,-0.38,0.13,0.78,0.79,0.95,0.49,1.18,0.61,-1.28,-0.37,-0.87,-1.50,-0.31
192912,3.55,3.54,3.22,2.27,3.81,3.36,4.32,4.32,4.80,4.39,4.15,4.40,3.26,3.86,3.48,3.00,3.55
193012,0.41,0.40,0.30,-0.61,0.60,0.90,1.37,1.37,1.79,0.95,1.66,1.07,0.02,0.80,0.41,-0.07,0.57
193112,1.03,1.02,-1.24,-1.93,-0.34,1.36,1.62,1.63,1.25,-0.21,2.06,-0.24,-0.25,0.97,0.25,-0.66,0.08
193212,0.90,0.89,0.30,-0.98,0.10,1.62,2.37,2.38,2.69,0.29,2.53,0.53,0.27,1.27,0.72,0.03,0.82
193312,-3.74,-3.76,-5.06,-5.53,-3.90,-2.50,-2.68,-2.66,-2.89,-3.64,-0.67,-3.36,-4.57,-4.17,-4.70,-5.37,-3.93
193412,4.20,4.19,4.48,4.00,5.32,3.96,5.46,5.45,6.59,5.62,4.89,5.67,4.68,4.65,4.51,4.34,4.81
193512,0.71,0.70,-0.68,-1.28,0.36,1.12,1.68,1.68,1.78,1.05,1.64,0.91,-0.05,0.81,0.23,-0.50,0.39
193612,1.75,1.75,1.05,0.08,1.26,2.00,2.74,2.75,2.55,1.58,2.93,1.66,1.40,1.86,1.44,0.90,1.54
193712,-0.84,-0.84,-0.72,-1.47,-0.36,-0.64,0.29,0.29,0.61,0.12,0.11,0.35,-0.62,-0.39,-0.57,-0.81,-0.48
193812,-1.55,-1.56,-2.48,-3.17,-2.33,-1.29,-1.07,-1.07,-0.66,-1.62,-0.32,-1.38,-2.32,-1.89,-2.42,-3.09,-1.92
193912,-1.57,-1.58,-1.72,-3.09,-1.51,-1.19,-0.60,-0.60,0.00,-0.72,-0.50,-0.59,-2.47,-1.53,-1.95,-2.47,-1.56
194012,-2.35,-2.37,-4.24,-5.24,-2.88,-1.41,-0.91,-0.90,-1.03,-2.31,-0.26,-2.21,-3.98,-2.32,-2.96,-3.78,-2.81
194112,1.86,1.85,0.44,-0.49,1.40,2.54,3.19,3.20,3.04,1.95,3.32,1.80,0.76,2.11,1.52,0.78,1.54
194212,2.54,2.53,1.02,0.23,1.57,2.80,3.68,3.68,3.70,1.99,3.51,2.22,1.77,2.63,2.07,1.37,2.07
194312,0.08,0.07,0.14,-0.80,0.04,0.74,1.00,1.01,1.04,0.42,1.54,0.53,-0.81,0.17,-0.23,-0.73,0.18
194412,-1.13,-1.13,-0.73,-1.84,0.00,-0.47,0.91,0.91,1.64,0.57,0.63,0.82,-1.18,-0.49,-0.74,-1.06,-0.36
194512,1.45,1.45,0.78,-0.29,1.25,1.80,2.31,2.31,2.51,1.85,2.42,2.01,0.79,1.53,1.02,0.37,1.26
194612,-2.30,-2.30,-2.35,-3.28,-2.56,-2.06,-1.55,-1.54,-1.12,-2.00,-0.86,-1.79,-3.22,-2.71,-3.03,-3.43,-2.32
194712,1.65,1.64,0.69,-0.05,1.61,1.96,2.57,2.57,2.73,1.96,2.71,2.00,0.57,1.73,1.24,0.63,1.43
194812,1.39,1.38,-0.40,-1.61,0.37,1.72,2.78,2.78,2.99,0.86,2.69,1.61,0.43,2.09,1.22,0.13,0.88
194912,3.61,3.61,2.61,1.89,2.64,3.49,3.78,3.79,3.59,2.94,3.95,3.05,2.86,3.56,3.04,2.38,3.00
195012,-1.29,-1.30,-2.72,-2.97,-2.49,-0.76,-1.13,-1.12,-1.61,-2.28,-0.30,-2.28,-2.26,-1.78,-2.23,-2.79,-1.98
195112,3.55,3.54,0.98,0.29,1.78,3.97,4.12,4.13,3.80,2.02,4.67,2.25,2.48,3.69,2.89,1.87,2.50
195212,-0.68,-0.69,-0.75,-1.84,-0.36,-0.34,0.36,0.37,0.66,0.11,0.50,0.28,-1.11,-0.34,-0.73,-1.21,-0.53
195312,2.01,2.01,1.90,0.78,2.78,2.02,3.91,3.90,4.55,3.03,3.39,3.40,2.22,3.18,2.83,2.40,2.52
195412,3.61,3.60,2.67,1.83,3.15,3.63,4.24,4.24,4.44,3.50,4.06,3.59,2.82,3.77,3.24,2.59,3.24
195512,2.60,2.59,2.81,1.61,2.28,2.50,3.47,3.47,3.79,2.83,2.84,3.09,1.80,2.86,2.30,1.61,2.59
195612,2.05,2.05,1.00,-0.16,2.14,2.44,3.63,3.63,4.22,2.68,3.49,2.98,1.22,2.48,1.96,1.31,2.01
195712,0.32,0.32,0.09,-0.59,0.34,1.06,1.43,1.44,1.83,0.82,1.63,1.31,-0.22,0.59,0.24,-0.21,0.52
195812,2.43,2.43,1.95,0.89,2.61,2.45,3.62,3.62,3.83,2.86,3.30,3.23,2.10,2.99,2.57,2.03,2.45
195912,1.34,1.34,2.32,1.50,2.68,1.39,2.75,2.75,3.68,3.14,2.61,3.30,1.37,1.83,1.65,1.44,2.17
196012,2.15,2.14,0.36,-0.28,0.82,2.30,2.04,2.05,2.03,1.01,2.33,1.11,1.22,1.50,0.90,0.16,1.15
196112,-1.70,-1.71,0.45,-1.54,-0.20,-1.37,-0.18,-0.18,1.07,0.67,-0.40,1.23,-1.83,-1.04,-1.24,-1.49,-0.62
196212,-3.25,-3.26,-3.86,-5.45,-3.53,-2.32,-2.20,-2.19,-1.52,-2.35,-1.47,-1.81,-4.13,-3.07,-3.58,-4.22,-3.34
196312,-3.04,-3.05,-3.59,-4.67,-3.43,-2.02,-2.04,-2.03,-1.83,-2.93,-1.22,-2.66,-3.82,-3.03,-3.54,-4.17,-3.13
196412,1.03,1.03,-0.34,-1.41,0.45,1.17,1.57,1.57,1.79,0.68,1.33,0.75,0.11,1.11,0.53,-0.20,0.42
196512,2.50,2.49,2.91,2.02,2.88,1.77,3.06,3.06,3.66,3.35,2.13,3.50,2.46,2.83,2.50,2.08,2.64
196612,2.23,2.22,1.67,0.65,2.13,2.09,2.84,2.85,3.12,2.59,2.49,2.78,1.50,2.36,1.84,1.19,1.97
196712,1.12,1.11,-1.07,-1.50,0.12,1.36,1.89,1.90,1.64,0.45,2.09,0.36,-0.05,1.17,0.42,-0.53,0.36
196812,-2.31,-2.32,-1.83,-3.14,-1.83,-2.07,-1.40,-1.39,-0.64,-1.18,-1.25,-0.67,-2.52,-2.24,-2.54,-2.92,-2.01
196912,-6.09,-6.10,-4.35,-5.64,-4.29,-5.48,-3.81,-3.80,-2.63,-3.05,-3.61,-2.60,-5.95,-5.53,-5.67,-5.85,-4.69
197012,1.56,1.55,-0.91,-1.51,0.19,2.19,1.68,1.69,1.37,0.36,2.49,0.58,0.20,1.30,0.61,-0.25,0.46
197112,4.49,4.48,1.97,1.87,3.32,4.77,4.89,4.90,4.76,3.12,5.37,2.92,3.38,4.36,3.74,2.96,3.56
197212,1.08,1.08,-0.77,-1.38,0.38,1.96,2.52,2.53,2.79,0.84,2.93,1.04,0.74,1.34,0.72,-0.06,0.79
197312,0.45,0.44,-0.73,-1.65,-0.12,0.85,1.58,1.58,1.72,0.47,1.59,0.66,-0.32,0.74,0.05,-0.83,0.15
197412,5.19,5.18,3.88,3.12,4.92,5.17,6.12,6.13,6.23,5.21,5.71,5.28,4.29,5.55,4.93,4.16,4.81
197512,2.47,2.45,-0.39,-1.12,0.84,2.94,3.08,3.10,2.15,0.64,3.73,0.53,1.04,2.29,1.51,0.52,1.23
197612,-0.41,-0.41,-1.84,-2.92,-1.09,-0.28,0.12,0.13,0.27,-0.84,0.08,-0.57,-1.15,-0.33,-0.88,-1.57,-1.04
197712,2.56,2.54,1.31,0.23,1.76,3.01,3.55,3.56,3.84,2.31,3.61,2.52,1.14,2.69,2.02,1.18,2.11
197812,-0.70,-0.70,1.11,0.14,0.70,-0.77,0.17,0.17,1.45,1.35,-0.05,1.84,-0.29,-0.23,-0.27,-0.31,0.28
197912,3.80,3.79,3.69,3.14,3.95,3.28,4.43,4.42,4.85,4.18,3.52,4.21,3.67,4.17,3.78,3.28,3.82
198012,1.42,1.41,-0.71,-1.32,0.38,1.80,2.20,2.21,2.26,0.65,2.30,0.48,0.39,1.43,0.68,-0.25,0.67
198112,-3.07,-3.09,-0.87,-2.46,-1.95,-3.06,-2.46,-2.47,-0.86,-0.78,-3.21,0.14,-3.00,-2.86,-3.00,-3.18,-2.21
198212,2.44,2.43,2.26,1.44,2.11,2.22,2.76,2.76,2.90,2.41,2.72,2.61,1.93,2.63,2.16,1.57,2.23
198312,0.53,0.52,0.17,-1.05,0.49,0.57,2.03,2.02,2.72,1.35,1.45,1.72,0.39,1.00,0.42,-0.30,0.67
198412,0.31,0.30,1.06,0.02,1.55,0.66,2.25,2.24,3.20,1.84,1.93,1.98,0.34,1.09,0.88,0.61,1.19
198512,3.87,3.86,3.07,2.31,3.51,3.54,4.79,4.79,5.03,3.79,4.07,3.86,3.73,4.28,3.72,3.01,3.65
198612,2.08,2.07,1.60,0.41,2.20,2.34,3.21,3.21,3.54,2.70,3.02,2.90,1.32,2.44,1.98,1.39,2.05
198712,2.20,2.19,1.88,1.01,1.97,2.31,3.16,3.17,3.42,2.44,2.73,2.48,1.48,2.44,1.89,1.19,2.14
198812,3.28,3.27,2.73,1.76,3.70,3.55,4.64,4.65,5.21,4.44,4.48,4.44,2.23,3.54,3.05,2.44,3.38
198912,2.34,2.33,2.02,0.95,2.75,2.17,3.24,3.24,4.15,3.07,2.72,3.36,2.31,2.85,2.51,2.09,2.42
199012,0.91,0.91,-0.23,-1.17,0.66,1.52,2.49,2.50,2.35,1.02,2.65,1.26,0.00,1.24,0.64,-0.11,0.77
199112,1.50,1.49,-0.64,-1.71,0.37,1.98,2.43,2.44,2.34,0.77,2.64,1.07,0.05,1.54,0.78,-0.17,0.68
199212,0.87,0.87,0.94,-0.33,1.34,1.54,2.44,2.45,2.76,1.97,2.76,2.60,0.37,1.50,1.02,0.41,1.25
199312,3.29,3.28,3.53,2.44,3.28,2.84,3.71,3.71,4.10,3.81,3.13,4.16,2.89,3.41,2.99,2.46,3.23
199412,3.58,3.58,3.54,2.35,3.76,3.58,4.39,4.40,4.76,4.31,4.09,4.68,3.06,3.96,3.55,3.05,3.61
199512,-3.10,-3.11,-0.47,-1.61,-1.32,-3.38,-2.20,-2.20,-0.90,-0.39,-2.36,0.32,-2.59,-2.37,-2.52,-2.70,-1.83
199612,-2.96,-2.97,-2.00,-3.49,-2.24,-2.08,-1.39,-1.38,-0.94,-1.50,-0.78,-0.98,-4.08,-2.90,-3.29,-3.77,-2.36
199712,1.92,1.91,2.07,1.22,2.32,1.95,3.04,3.05,3.66,2.75,2.87,2.92,1.53,2.11,1.77,1.34,2.20
199812,0.62,0.61,0.81,-0.38,1.16,0.57,2.06,2.06,2.89,1.85,1.39,1.93,0.29,1.17,0.77,0.27,0.99
199912,2.51,2.50,1.48,0.52,2.23,2.55,3.46,3.46,3.44,2.44,3.00,2.35,1.65,2.89,2.32,1.59,2.17
200012,2.86,2.85,3.50,1.75,3.01,3.25,3.89,3.89,4.49,3.85,3.95,4.31,2.49,3.16,2.75,2.22,3.12
200112,-0.24,-0.25,-0.70,-1.97,0.02,0.32,1.17,1.16,1.51,0.53,0.84,0.60,-1.49,0.04,-0.43,-1.03,-0.21
200212,-2.11,-2.12,2.66,0.73,1.30,-1.62,-0.19,-0.20,2.09,2.88,-0.18,3.56,-1.84,-1.38,-1.20,-0.97,0.34
200312,2.34,2.33,0.91,0.12,1.63,2.85,2.96,2.97,3.07,2.16,3.33,2.60,1.29,2.21,1.65,0.94,1.81
200412,2.11,2.10,-0.06,-0.74,0.21,3.08,2.62,2.64,1.70,0.37,3.34,0.44,0.78,1.85,1.12,0.19,1.08
200512,1.10,1.09,-0.32,-1.18,1.00,1.54,2.64,2.65,2.47,1.16,2.45,1.25,0.27,1.46,0.95,0.31,0.87
200612,5.39,5.38,2.98,2.13,4.09,6.04,6.15,6.16,5.43,4.06,6.69,4.17,4.30,5.41,4.76,3.94,4.43
200712,2.16,2.15,0.40,-0.19,1.29,2.78,3.01,3.02,2.80,1.57,3.44,1.61,1.08,2.14,1.59,0.91,1.59
200812,1.70,1.69,0.24,0.07,0.61,2.10,1.85,1.86,1.50,0.74,2.61,0.95,1.08,1.45,0.92,0.26,1.06
200912,-0.11,-0.12,0.55,-0.45,0.46,0.06,0.87,0.87,1.36,1.17,0.87,1.54,-0.41,0.12,-0.10,-0.38,0.32
201012,-4.65,-4.66,-2.33,-3.71,-3.52,-4.31,-3.62,-3.62,-2.88,-2.57,-3.79,-2.08,-4.81,-4.42,-4.58,-4.79,-3.66
201112,4.43,4.42,3.47,2.53,3.72,4.20,4.92,4.92,4.89,4.15,4.48,4.36,3.49,4.53,3.97,3.27,3.90
201212,0.45,0.44,1.64,0.45,2.16,0.17,2.55,2.54,3.48,2.79,0.98,3.15,0.41,1.49,1.33,1.11,1.49
201312,4.05,4.04,2.26,1.50,3.62,4.51,5.04,5.05,4.94,3.72,5.02,3.75,3.43,4.37,3.91,3.30,3.56
201412,2.61,2.61,2.67,2.07,2.56,2.62,3.47,3.47,3.56,2.91,3.46,3.11,2.20,2.81,2.41,1.89,2.73
201512,6.83,6.82,5.14,4.28,6.48,6.90,8.27,8.26,8.41,6.94,7.70,6.92,6.27,7.29,6.74,6.03,6.49
201612,2.78,2.77,0.68,0.16,1.56,3.65,3.84,3.85,3.59,1.81,4.57,1.46,1.82,2.95,2.22,1.28,2.16
201712,3.40,3.39,1.66,0.93,2.70,3.57,3.94,3.95,3.81,2.89,4.00,3.04,2.40,3.50,2.96,2.25,2.71
201812,4.30,4.29,3.17,2.34,3.73,4.46,5.21,5.21,4.98,3.94,5.16,3.98,3.28,4.58,4.03,3.30,3.90
201912,4.10,4.09,3.01,2.28,3.39,4.22,4.86,4.87,4.90,3.96,4.97,4.25,3.75,4.23,3.78,3.19,3.75
202012,3.14,3.14,2.41,1.31,3.14,3.16,4.40,4.40,4.67,3.75,4.10,4.11,2.88,3.50,3.04,2.45,3.08
202112,1.79,1.78,2.76,1.66,2.97,1.72,3.31,3.31,4.25,3.71,2.72,3.97,1.82,2.51,2.27,1.96,2.58
202212,1.56,1.55,1.95,1.10,1.85,1.20,2.32,2.32,2.92,2.52,2.15,3.02,1.43,1.66,1.41,1.07,1.80
188203,6.44,6.42,5.88,4.87,6.07,5.57,6.53,6.53,6.85,6.25,5.81,6.84,5.93,6.55,6.20,5.76,5.96
188303,-2.16,-2.18,-0.81,-2.37,-1.48,-2.23,-1.17,-1.16,-0.46,-0.74,-1.06,-0.01,-3.02,-2.02,-2.41,-2.90,-1.66
188403,4.44,4.43,5.01,3.73,5.07,3.91,5.21,5.21,5.86,5.33,4.42,5.93,4.10,4.79,4.53,4.19,4.65
188503,2.48,2.47,2.85,1.69,2.61,1.99,2.94,2.94,3.25,2.84,2.57,3.59,1.97,2.63,2.34,1.98,2.46
188603,-0.30,-0.30,1.34,-0.39,0.50,-0.69,0.79,0.78,2.10,1.31,0.02,2.00,-0.46,0.10,-0.11,-0.36,0.38
188703,1.57,1.56,1.00,0.01,0.93,1.26,1.78,1.79,1.80,1.15,1.89,1.70,0.49,1.60,1.15,0.59,1.09
188803,-0.19,-0.19,2.07,0.78,1.21,-1.16,0.46,0.44,1.71,1.94,-1.07,2.13,0.29,0.36,0.31,0.26,0.69
188903,0.22,0.20,0.30,-1.20,0.66,-0.04,1.35,1.35,1.79,1.21,0.59,1.49,-0.54,0.65,0.22,-0.32,0.30
189003,4.99,4.97,3.66,2.81,4.08,4.29,4.86,4.86,5.00,4.34,4.15,4.71,4.00,4.82,4.32,3.69,4.11
189103,3.08,3.07,3.04,2.00,2.83,1.92,2.56,2.56,3.19,3.15,1.52,3.36,2.56,3.05,2.71,2.29,2.59
189203,0.69,0.67,0.76,-0.30,0.67,0.29,0.89,0.89,1.27,1.08,0.72,1.31,-0.21,0.73,0.31,-0.23,0.50
189303,4.18,4.17,4.58,3.43,4.78,3.56,4.74,4.74,5.57,5.29,3.78,5.69,3.67,4.70,4.40,4.02,4.33
189403,4.95,4.93,4.51,3.49,4.85,4.47,5.44,5.44,5.70,5.06,5.00,5.41,4.01,5.10,4.68,4.15,4.65
189503,1.59,1.57,1.31,0.17,1.32,1.11,2.30,2.30,2.52,1.85,1.56,2.10,0.84,1.63,1.14,0.53,1.35
189603,5.49,5.47,5.75,4.43,5.69,4.76,5.52,5.52,6.24,6.08,4.64,6.33,4.80,5.57,5.25,4.85,5.29
189703,4.99,4.98,5.79,4.43,5.26,4.14,5.16,5.16,5.66,5.70,4.06,5.98,4.73,5.33,5.05,4.69,5.01
189803,3.55,3.54,2.87,2.27,3.02,2.54,3.01,3.01,3.06,3.06,2.21,3.29,3.18,3.46,3.07,2.59,2.86
189903,2.63,2.61,3.36,1.90,2.60,1.91,2.82,2.82,3.29,3.14,2.09,3.61,2.09,2.84,2.42,1.89,2.56
190003,0.61,0.59,0.45,-0.83,0.84,0.39,1.46,1.47,1.90,1.37,0.97,1.43,-0.18,0.97,0.50,-0.10,0.56
190103,2.35,2.33,1.95,1.63,2.43,1.62,2.60,2.60,2.84,2.75,1.90,2.86,1.45,2.39,1.97,1.45,2.13
190203,3.14,3.13,3.81,2.72,3.81,2.29,3.75,3.75,4.53,4.48,2.84,4.83,2.87,3.55,3.29,2.98,3.40
190303,6.13,6.11,5.35,4.70,5.65,5.54,6.44,6.44,6.68,5.76,5.77,5.88,5.43,6.41,5.92,5.30,5.70
190403,3.00,2.99,3.48,3.09,3.05,2.23,3.17,3.17,3.33,3.27,2.40,3.40,2.77,3.15,2.87,2.50,3.04
190503,4.48,4.47,4.80,3.93,4.82,3.66,4.77,4.78,5.39,5.31,4.17,5.66,4.34,4.71,4.45,4.11,4.53
190603,2.67,2.65,2.14,1.44,2.08,1.90,2.83,2.83,3.02,2.53,2.25,2.95,1.81,2.78,2.20,1.48,2.23
190703,2.93,2.91,2.30,1.35,3.00,2.31,3.40,3.40,3.91,3.35,2.82,3.74,2.08,3.17,2.72,2.16,2.63
190803,2.99,2.98,2.14,1.51,2.31,2.21,2.90,2.91,2.89,2.53,2.36,2.73,2.34,2.81,2.31,1.68,2.34
190903,1.07,1.06,1.86,1.14,2.07,-0.03,1.85,1.85,2.71,2.48,0.77,2.77,1.23,1.55,1.38,1.18,1.53
191003,3.76,3.75,3.55,2.93,3.73,3.48,4.34,4.35,4.70,3.86,4.32,4.35,3.30,3.72,3.48,3.18,3.70
191103,4.06,4.05,3.89,3.53,4.29,3.11,4.28,4.28,4.92,4.37,3.32,4.56,3.78,4.28,3.98,3.61,3.97
191203,6.04,6.02,6.28,5.44,6.21,5.24,6.39,6.39,6.84,6.53,5.34,6.90,5.77,6.37,6.10,5.76,6.02
191303,6.22,6.21,6.06,5.36,6.35,5.18,6.20,6.20,6.86,6.53,5.25,6.80,5.94,6.43,6.13,5.76,5.99
191403,4.86,4.85,4.62,3.94,4.79,4.19,5.05,5.05,5.37,5.14,4.39,5.42,4.47,5.20,4.78,4.24,4.65
191503,0.80,0.79,2.15,1.42,2.23,0.26,2.19,2.19,2.87,2.96,1.37,3.17,0.81,1.65,1.47,1.24,1.73
191603,3.88,3.87,4.26,4.56,4.42,2.39,3.13,3.12,4.42,4.58,2.02,4.57,4.59,3.84,3.86,3.89,3.94
191703,-0.77,-0.78,0.80,0.07,0.39,-1.54,0.19,0.18,1.00,0.93,-0.66,1.31,-0.99,-0.31,-0.49,-0.70,0.00
191803,4.06,4.05,4.03,3.76,4.32,3.43,4.18,4.19,4.86,4.45,3.48,4.63,3.83,4.19,3.96,3.66,4.04
191903,2.97,2.97,3.36,2.82,3.10,2.10,3.11,3.11,3.51,3.53,2.19,3.98,2.96,3.19,2.90,2.54,3.00
192003,6.67,6.65,5.49,5.14,5.99,6.09,6.82,6.83,7.29,6.14,6.03,6.44,5.95,6.75,6.26,5.64,6.11
192103,6.54,6.52,4.73,4.33,5.42,6.08,6.54,6.55,6.41,5.48,6.06,5.80,5.78,6.56,5.94,5.16,5.63
192203,3.54,3.53,3.87,3.35,3.36,2.94,3.50,3.50,3.85,4.08,2.73,4.58,3.07,3.75,3.33,2.80,3.47
192303,4.92,4.90,4.78,4.22,5.41,4.10,5.26,5.27,6.10,5.72,4.31,6.07,4.71,5.15,4.85,4.48,4.91
192403,2.14,2.12,2.77,1.84,2.60,1.22,2.29,2.29,2.95,3.20,1.02,3.65,1.62,2.36,1.99,1.52,2.19
192503,1.72,1.71,0.62,0.29,1.25,1.32,2.11,2.12,2.20,1.71,1.92,2.10,0.96,1.61,1.16,0.59,1.29
192603,3.83,3.82,4.11,3.34,4.04,3.47,4.54,4.54,4.89,4.57,3.84,4.98,3.75,4.21,3.82,3.32,3.99
192703,6.72,6.71,5.03,4.71,5.66,6.34,6.60,6.61,6.38,5.73,6.18,6.04,5.91,6.96,6.36,5.60,5.85
192803,2.54,2.52,3.57,2.70,3.23,2.33,3.00,3.00,4.07,3.70,2.36,4.14,2.05,2.72,2.45,2.11,2.94
192903,2.26,2.24,2.99,1.60,3.39,2.00,2.77,2.77,4.04,3.89,1.93,4.32,1.86,2.69,2.51,2.28,2.59
193003,3.90,3.90,4.72,4.09,4.62,3.15,3.81,3.80,4.90,4.97,3.05,5.54,4.35,4.13,4.03,3.91,4.17
193103,-0.02,-0.03,0.00,-1.12,0.85,-0.52,0.87,0.87,1.80,1.54,-0.19,2.04,-0.17,0.31,0.03,-0.32,0.17
193203,0.71,0.70,0.79,-0.10,1.12,0.51,1.32,1.32,1.97,1.88,0.87,2.66,-0.03,0.88,0.55,0.13,0.80
193303,5.13,5.12,4.98,4.05,5.43,4.58,5.64,5.65,6.44,5.83,4.53,6.46,4.80,5.49,5.19,4.82,5.09
193403,5.13,5.12,3.59,3.52,3.69,4.23,4.50,4.51,4.28,3.75,4.13,4.21,4.48,4.77,4.19,3.46,4.09
193503,2.25,2.24,2.69,1.78,3.30,2.20,3.46,3.47,4.28,3.90,2.97,4.43,1.61,2.72,2.41,2.02,2.74
193603,4.74,4.73,5.37,4.73,5.29,3.73,5.06,5.06,6.16,5.82,3.61,6.13,4.84,5.06,4.85,4.59,4.99
193703,2.94,2.93,3.22,2.96,3.03,1.84,2.82,2.81,3.21,3.08,1.71,3.64,3.11,3.15,2.91,2.62,2.88
193803,7.36,7.35,6.56,5.79,7.12,6.69,7.46,7.46,7.61,7.35,6.83,7.85,6.88,7.68,7.27,6.76,6.96
193903,1.81,1.80,1.17,0.34,1.95,1.59,2.92,2.92,3.15,2.34,2.44,2.96,1.02,2.19,1.71,1.11,1.74
194003,1.84,1.84,3.28,2.14,3.36,1.05,3.21,3.20,4.37,4.12,1.57,4.68,2.06,2.84,2.72,2.56,2.75
194103,2.73,2.72,4.05,3.17,4.03,1.84,2.93,2.92,4.47,4.72,1.83,5.46,2.44,2.99,2.84,2.64,3.25
194203,-0.57,-0.58,3.55,2.02,2.35,-1.62,0.79,0.77,3.10,3.50,-1.27,4.55,0.57,0.36,0.66,1.03,1.41
194303,5.68,5.66,5.83,5.23,5.63,5.16,5.85,5.85,6.28,5.97,5.26,6.31,5.50,5.76,5.46,5.08,5.62
194403,1.47,1.45,0.28,-0.46,1.14,1.27,1.99,1.99,1.88,1.39,2.06,1.81,0.20,1.44,0.92,0.27,0.94
194503,6.48,6.47,5.61,4.92,6.24,5.77,6.63,6.63,6.84,6.45,5.85,7.02,5.90,6.70,6.26,5.69,6.00
194603,3.25,3.23,4.34,4.09,4.00,2.31,3.40,3.40,4.35,4.48,2.34,5.11,3.48,3.63,3.42,3.14,3.71
194703,1.42,1.41,4.26,3.39,3.31,0.16,1.87,1.86,3.60,3.85,-0.23,4.50,2.39,2.13,2.18,2.25,2.61
194803,4.98,4.96,6.29,5.38,6.24,4.50,5.61,5.60,6.93,6.92,4.60,7.60,5.25,5.39,5.25,5.08,5.66
194903,1.93,1.92,1.82,1.33,2.47,1.42,2.52,2.52,3.20,2.92,2.01,3.43,1.39,2.26,1.81,1.24,2.03
195003,4.65,4.63,4.66,4.19,4.87,4.38,5.56,5.57,5.93,5.26,4.83,5.84,4.13,4.78,4.29,3.67,4.79
195103,1.86,1.85,2.73,1.97,2.57,1.27,2.50,2.50,3.18,2.98,1.63,3.06,1.59,2.18,1.84,1.43,2.23
195203,0.87,0.85,4.12,2.43,3.42,0.63,2.62,2.61,4.31,4.44,1.54,4.93,1.12,1.88,1.87,1.85,2.58
195303,5.06,5.04,4.84,4.11,5.47,4.56,4.80,4.80,5.15,5.71,4.21,6.80,4.76,5.17,4.99,4.77,4.80
195403,3.60,3.59,4.89,4.19,4.86,2.83,4.27,4.27,5.58,5.45,3.12,5.91,4.12,4.21,4.06,3.87,4.32
195503,0.03,0.01,1.16,0.17,0.83,-0.58,0.51,0.51,1.33,1.38,-0.13,1.80,-0.03,0.19,0.01,-0.22,0.44
195603,2.62,2.61,3.42,2.06,3.72,2.08,3.38,3.38,4.65,4.36,2.24,4.48,1.47,2.78,2.45,2.04,2.93
195703,5.40,5.39,7.20,6.18,6.91,4.40,6.49,6.48,7.90,7.52,4.93,7.78,5.86,6.25,6.17,6.07,6.36
195803,-0.11,-0.12,-0.07,-1.41,-0.26,-0.48,0.26,0.26,0.92,0.65,-0.25,1.13,-1.13,-0.21,-0.75,-1.42,-0.32
195903,6.32,6.30,6.42,5.61,6.54,5.62,6.34,6.34,7.09,6.84,5.46,7.20,6.25,6.52,6.28,5.97,6.22
196003,3.70,3.70,5.20,4.10,5.00,2.60,4.30,4.30,5.60,5.80,3.10,6.40,3.30,3.80,3.70,3.40,4.30
196103,6.44,6.43,5.86,5.13,6.19,5.84,6.40,6.41,6.77,6.54,5.84,7.05,6.12,6.65,6.23,5.71,6.04
196203,0.53,0.52,0.35,-0.49,0.10,-0.03,0.60,0.60,1.01,0.65,0.44,1.04,-0.14,0.51,-0.07,-0.80,0.21
196303,2.27,2.26,2.62,1.29,2.79,1.13,3.04,3.03,4.19,3.48,1.53,4.11,2.38,3.03,2.67,2.21,2.45
196403,-0.31,-0.32,1.63,0.40,1.05,-0.79,0.72,0.72,2.13,1.80,-0.13,2.21,-0.59,-0.08,-0.25,-0.45,0.58
196503,1.64,1.63,2.84,1.30,2.80,1.52,2.83,2.84,3.73,3.68,2.07,4.30,1.40,2.24,1.82,1.30,2.27
196603,3.66,3.65,2.82,2.12,3.37,3.25,4.07,4.07,4.17,3.69,3.51,4.01,3.05,3.96,3.39,2.68,3.27
196703,6.08,6.07,5.04,4.26,5.33,5.68,6.02,6.02,6.09,5.67,5.71,6.03,5.30,6.10,5.51,4.75,5.40
196803,4.76,4.75,4.07,3.36,4.46,4.34,5.11,5.11,5.43,4.79,4.66,5.11,4.22,4.75,4.23,3.57,4.40
196903,-0.66,-0.67,2.68,1.64,1.52,-1.06,0.01,0.01,2.04,2.83,-0.47,3.67,-0.37,-0.42,-0.37,-0.32,0.86
197003,0.89,0.87,1.14,0.48,1.62,0.51,1.75,1.75,2.21,1.90,1.15,2.15,0.54,1.34,0.92,0.38,1.16
197103,1.44,1.42,0.34,-0.28,1.20,0.95,1.83,1.83,1.96,1.44,1.41,1.89,0.60,1.51,0.92,0.19,0.95
197203,5.32,5.31,5.57,5.07,5.40,4.36,5.37,5.37,6.08,5.70,4.42,6.26,5.29,5.42,5.14,4.80,5.29
197303,4.86,4.84,2.80,2.20,4.12,4.62,4.93,4.94,4.84,4.24,4.92,4.51,3.89,4.72,4.08,3.27,3.91
197403,5.45,5.43,6.14,5.88,5.99,4.14,5.52,5.52,6.14,6.09,4.28,6.73,5.67,5.83,5.56,5.23,5.65
197503,3.87,3.86,3.22,3.08,3.75,3.20,4.10,4.10,4.35,3.67,3.38,3.87,3.69,3.88,3.53,3.08,3.60
197603,0.83,0.81,2.35,0.86,1.91,0.25,1.46,1.46,2.53,2.58,0.73,3.15,0.29,1.11,0.79,0.39,1.34
197703,6.07,6.05,6.67,5.95,6.45,5.02,6.13,6.13,6.90,6.65,5.28,6.99,6.04,6.28,6.00,5.64,6.14
197803,5.17,5.15,4.72,3.83,5.26,3.90,5.49,5.49,5.88,5.45,4.29,5.58,4.74,5.61,5.11,4.48,4.84
197903,3.15,3.14,4.77,3.95,3.96,2.06,3.43,3.43,4.28,4.45,2.33,4.84,3.46,3.44,3.24,2.99,3.67
198003,2.19,2.18,4.30,3.42,4.17,1.33,3.35,3.34,4.55,4.71,1.92,4.98,2.39,2.95,2.85,2.72,3.32
198103,6.58,6.57,7.00,6.41,7.26,5.30,7.04,7.03,8.03,7.60,5.25,7.97,6.79,7.19,6.90,6.53,6.80
198203,4.94,4.93,3.75,3.38,4.06,4.11,4.55,4.56,4.82,4.29,4.16,4.69,4.52,4.77,4.25,3.60,4.18
198303,5.14,5.13,4.49,3.77,4.57,4.30,4.97,4.97,5.15,4.75,4.16,5.10,4.48,5.17,4.65,4.00,4.55
198403,2.25,2.23,1.60,1.16,2.29,1.57,2.49,2.49,3.35,2.78,1.93,3.19,1.69,2.17,1.73,1.17,2.00
198503,3.29,3.27,2.76,1.99,3.16,2.39,3.17,3.18,3.81,3.37,2.46,3.63,2.78,3.19,2.79,2.29,2.84
198603,3.05,3.03,3.00,2.51,3.23,2.22,3.40,3.40,4.08,3.55,2.50,3.85,2.98,3.16,2.88,2.53,3.03
198703,-0.34,-0.36,0.31,-1.38,-0.22,-1.01,-0.23,-0.22,1.00,1.06,-0.23,1.69,-1.56,-0.75,-1.37,-2.14,-0.44
198803,2.68,2.67,2.72,1.76,2.91,2.48,3.43,3.43,3.81,3.55,2.94,4.17,1.87,2.93,2.47,1.89,2.72
198903,6.93,6.91,7.25,6.41,7.04,6.27,7.24,7.24,7.87,7.64,6.64,7.94,6.87,7.24,6.84,6.32,6.98
199003,7.56,7.55,6.54,6.06,6.88,7.00,7.40,7.40,7.62,7.11,6.83,7.50,6.97,7.45,6.96,6.34,6.92
199103,6.27,6.26,6.47,5.44,6.49,5.40,7.26,7.26,7.92,7.06,5.98,7.60,6.11,6.74,6.32,5.79,6.41
199203,4.97,4.95,4.79,3.92,4.87,4.74,5.43,5.44,5.89,5.39,5.11,5.92,4.34,5.11,4.63,4.04,4.84
199303,3.76,3.74,3.53,2.38,3.98,3.52,4.23,4.23,5.00,4.63,3.70,5.18,3.02,4.02,3.56,2.99,3.64
199403,5.72,5.71,7.66,6.67,6.53,4.63,6.05,6.04,6.91,7.07,4.76,7.55,6.00,6.30,6.08,5.79,6.34
199503,3.60,3.59,2.81,2.23,3.00,3.19,3.61,3.61,3.93,3.44,3.35,3.82,2.91,3.53,3.01,2.36,3.11
199603,0.54,0.53,1.71,0.40,1.66,-0.22,1.25,1.25,2.45,2.39,0.37,3.09,-0.05,0.77,0.45,0.03,1.00
199703,5.06,5.05,6.51,5.47,6.78,4.46,5.86,5.85,7.33,7.21,4.65,7.61,4.96,5.59,5.51,5.41,5.84
199803,4.56,4.54,4.95,3.97,5.44,4.21,5.89,5.89,6.35,5.83,5.17,6.27,4.14,5.21,4.84,4.37,4.98
199903,5.27,5.26,5.23,4.75,5.61,4.76,6.00,6.00,6.65,5.85,5.23,6.20,5.09,5.62,5.26,4.81,5.41
200003,5.09,5.08,5.17,4.48,5.69,4.63,5.68,5.68,6.08,5.84,4.87,6.04,4.36,5.59,5.22,4.76,5.17
200103,2.99,2.98,6.04,5.15,4.61,2.31,3.44,3.44,4.86,5.62,2.32,6.26,3.40,3.55,3.54,3.52,4.23
200203,5.24,5.22,5.73,4.90,5.49,4.84,5.67,5.67,6.39,6.11,5.02,6.46,4.83,5.45,5.08,4.61,5.39
200303,4.21,4.20,6.06,4.75,6.23,3.74,5.56,5.55,7.07,7.15,4.53,7.84,4.48,5.02,4.91,4.79,5.34
200403,4.86,4.85,3.57,2.79,4.15,4.36,4.92,4.92,5.00,4.43,4.47,4.78,3.91,4.77,4.22,3.52,4.11
200503,3.17,3.15,3.75,2.48,4.62,2.36,4.28,4.28,5.69,5.18,2.80,5.41,2.60,3.82,3.49,3.07,3.63
200603,1.20,1.18,1.99,1.08,1.83,0.47,1.73,1.72,2.66,2.53,0.58,3.21,0.98,1.66,1.33,0.91,1.52
200703,7.06,7.04,5.13,5.09,6.00,6.74,7.05,7.06,6.95,6.12,6.87,6.22,6.02,6.89,6.27,5.50,6.18
200803,4.57,4.56,3.92,3.45,4.23,4.31,4.82,4.82,4.88,4.37,4.53,4.58,4.03,4.74,4.29,3.72,4.24
200903,4.99,4.98,3.57,3.09,4.24,4.48,5.12,5.12,5.12,4.62,4.85,4.83,4.26,5.02,4.43,3.69,4.30
201003,4.57,4.56,3.81,3.28,4.34,3.96,4.86,4.87,5.07,4.68,4.25,4.96,3.80,4.69,4.25,3.69,4.20
201103,4.48,4.46,5.62,4.76,5.52,3.61,4.68,4.68,5.78,6.35,3.77,6.83,4.46,4.75,4.61,4.43,4.91
201203,7.01,6.99,6.93,6.13,7.30,6.24,7.39,7.39,7.94,7.78,6.42,8.10,6.45,7.42,7.08,6.65,6.94
201303,-1.15,-1.16,1.51,0.66,0.33,-0.99,-0.19,-0.19,1.02,1.34,-0.50,1.95,-1.53,-1.13,-1.25,-1.41,0.07
201403,7.13,7.11,6.74,6.31,7.11,6.54,7.22,7.22,7.86,7.59,6.53,7.76,6.88,7.20,6.90,6.51,6.94
201503,5.60,5.59,5.17,4.59,4.97,5.25,5.61,5.61,5.54,5.37,5.36,5.74,4.95,5.51,5.02,4.39,5.18
201603,4.44,4.43,3.74,3.46,3.87,4.19,4.54,4.55,4.37,4.07,4.31,4.33,3.67,4.43,3.94,3.29,4.01
201703,7.02,7.01,7.39,6.72,7.47,6.23,7.47,7.46,8.33,8.14,6.31,8.41,6.78,7.38,7.09,6.72,7.20
201803,1.40,1.39,3.19,2.24,2.83,0.76,2.62,2.61,3.80,3.55,1.56,3.81,1.32,1.96,1.79,1.58,2.36
201903,6.84,6.83,6.39,5.89,6.58,6.38,7.07,7.07,7.17,6.92,6.47,7.21,6.44,7.11,6.67,6.10,6.58
202003,5.17,5.15,5.17,4.61,5.59,4.90,5.81,5.81,6.23,6.03,5.31,6.31,4.56,5.40,5.02,4.51,5.27
202103,4.94,4.92,4.51,3.79,4.91,4.66,5.41,5.41,5.78,5.55,4.85,5.83,4.25,5.21,4.76,4.17,4.77
202203,4.76,4.74,5.40,4.39,5.37,4.46,5.45,5.45,6.59,6.43,4.79,6.95,4.18,4.82,4.49,4.05,5.09
202303,5.59,5.58,6.23,5.44,5.83,5.12,5.90,5.90,6.30,6.32,5.32,6.57,5.29,5.90,5.59,5.19,5.74
